{
  "hash": "b597b613",
  "configHash": "61042ed4",
  "lockfileHash": "d1a98534",
  "browserHash": "24cae595",
  "optimized": {
    "@angular/common": {
      "src": "../../../../../node_modules/@angular/common/fesm2022/common.mjs",
      "file": "@angular_common.js",
      "fileHash": "b12c4bc2",
      "needsInterop": false
    },
    "@angular/core": {
      "src": "../../../../../node_modules/@angular/core/fesm2022/core.mjs",
      "file": "@angular_core.js",
      "fileHash": "8b34a7a3",
      "needsInterop": false
    },
    "@angular/forms": {
      "src": "../../../../../node_modules/@angular/forms/fesm2022/forms.mjs",
      "file": "@angular_forms.js",
      "fileHash": "c1c38fb7",
      "needsInterop": false
    },
    "@angular/platform-browser": {
      "src": "../../../../../node_modules/@angular/platform-browser/fesm2022/platform-browser.mjs",
      "file": "@angular_platform-browser.js",
      "fileHash": "4eecad78",
      "needsInterop": false
    },
    "@angular/router": {
      "src": "../../../../../node_modules/@angular/router/fesm2022/router.mjs",
      "file": "@angular_router.js",
      "fileHash": "b1c5f069",
      "needsInterop": false
    }
  },
  "chunks": {
    "chunk-QDCDQ6LR": {
      "file": "chunk-QDCDQ6LR.js"
    },
    "chunk-26ZBG2U3": {
      "file": "chunk-26ZBG2U3.js"
    },
    "chunk-HZEFKQQ5": {
      "file": "chunk-HZEFKQQ5.js"
    }
  }
}